"","MinTemp","MaxTemp","AvgTemp","SD"
"1",11.334,20.138,15.6793943368107,1.51253527656885
