"","MinTemp","MaxTemp","AvgTemp","SD"
"1",-1.456,17.95,4.66951053370787,3.02052130260072
