"","min","max","Avg","SD"
"1",-0.887,17.95,6.01153787568306,2.59739608862481
