"","MinTemp","MaxTemp","AvgTemp","SD"
"1",-3.197,11.528,4.07849211851545,2.40012887941044
