"","MinTemp","MaxTemp","AvgTemp","SD"
"1",2.837,18.901,10.1497470524267,3.1867817403018
