"","MinTemp","MaxTemp","AvgTemp","SD"
"1",5.655,20.138,13.7522661626928,2.77186646861139
