"","MinTemp","MaxTemp","AvgTemp","SD"
"1",0.343,20.138,9.57462136424801,2.72157159907775
