"","MinTemp","MaxTemp","AvgTemp","SD"
"1",5.655,20.138,13.8410286089448,2.84135627426876
